Name,Price,Date
LaCie CloudBox 3TB Gigabit Ethernet NAS Network Hard Drive NEW in BOX,$149,"<time class=""result-date"" datetime=""2019-12-02 19:14"" title=""Mon 02 Dec 07:14:53 PM"">Dec  2</time>"
Dell POWEREDGE 2850 Server Rapid Rail Kit Left Right Rackmount Rails,$19,"<time class=""result-date"" datetime=""2019-12-02 19:15"" title=""Mon 02 Dec 07:15:06 PM"">Dec  2</time>"
"2-Port DisplayPort KVM Switch - 4K 60Hz,100hz,120hz G-sync and freesyn",$250,"<time class=""result-date"" datetime=""2019-12-02 15:25"" title=""Mon 02 Dec 03:25:15 PM"">Dec  2</time>"
MULTIPLE INTEL CPU FOR SALE,$1,"<time class=""result-date"" datetime=""2019-12-02 13:01"" title=""Mon 02 Dec 01:01:57 PM"">Dec  2</time>"
18U TRIPP LITE SRW18US WALL MOUNT NETWORK SERVER RACK DATA CABINET,$300,"<time class=""result-date"" datetime=""2019-12-02 06:51"" title=""Mon 02 Dec 06:51:30 AM"">Dec  2</time>"
NOKIA SP444 POWER SUPPLY PSU server network enterprise cpu fan gpu pc,$95,"<time class=""result-date"" datetime=""2019-12-01 19:35"" title=""Sun 01 Dec 07:35:13 PM"">Dec  1</time>"
Seagate Bulk Hard Drives 4TB,$1,"<time class=""result-date"" datetime=""2019-12-01 16:10"" title=""Sun 01 Dec 04:10:45 PM"">Dec  1</time>"
"WANTED COMPUTER SERVERS, NETWORKING, HARD/SSD DRIVES, MEMORY & MORE!",$50000,"<time class=""result-date"" datetime=""2019-12-01 13:26"" title=""Sun 01 Dec 01:26:38 PM"">Dec  1</time>"
42 UNIT SERVER RACK CABINET,$250,"<time class=""result-date"" datetime=""2019-12-01 12:08"" title=""Sun 01 Dec 12:08:29 PM"">Dec  1</time>"
42 UNIT SERVER RACK CABINET,$250,"<time class=""result-date"" datetime=""2019-12-01 11:53"" title=""Sun 01 Dec 11:53:49 AM"">Dec  1</time>"
42 UNIT SERVER RACK CABINET,$250,"<time class=""result-date"" datetime=""2019-12-01 11:51"" title=""Sun 01 Dec 11:51:19 AM"">Dec  1</time>"
42 UNIT SERVER RACK CABINET,$250,"<time class=""result-date"" datetime=""2019-12-01 11:51"" title=""Sun 01 Dec 11:51:14 AM"">Dec  1</time>"
42 UNIT SERVER RACK CABINET,$250,"<time class=""result-date"" datetime=""2019-12-01 11:48"" title=""Sun 01 Dec 11:48:02 AM"">Dec  1</time>"
42 UNIT SERVER RACK CABINET,$250,"<time class=""result-date"" datetime=""2019-12-01 11:41"" title=""Sun 01 Dec 11:41:34 AM"">Dec  1</time>"
42 UNIT SERVER RACK CABINET,$250,"<time class=""result-date"" datetime=""2019-12-01 11:42"" title=""Sun 01 Dec 11:42:31 AM"">Dec  1</time>"
42 UNIT SERVER RACK CABINET,$250,"<time class=""result-date"" datetime=""2019-12-01 11:39"" title=""Sun 01 Dec 11:39:42 AM"">Dec  1</time>"
42 UNIT SERVER RACK CABINET,$250,"<time class=""result-date"" datetime=""2019-12-01 11:37"" title=""Sun 01 Dec 11:37:18 AM"">Dec  1</time>"
42 UNIT SERVER RACK CABINET,$250,"<time class=""result-date"" datetime=""2019-12-01 11:38"" title=""Sun 01 Dec 11:38:20 AM"">Dec  1</time>"
42 UNIT SERVER RACK CABINET,$250,"<time class=""result-date"" datetime=""2019-12-01 11:29"" title=""Sun 01 Dec 11:29:14 AM"">Dec  1</time>"
42 UNIT SERVER RACK CABINET,$250,"<time class=""result-date"" datetime=""2019-12-01 11:25"" title=""Sun 01 Dec 11:25:52 AM"">Dec  1</time>"
42 UNIT SERVER RACK CABINET,$250,"<time class=""result-date"" datetime=""2019-12-01 11:14"" title=""Sun 01 Dec 11:14:06 AM"">Dec  1</time>"
42 UNIT SERVER RACK CABINET,$250,"<time class=""result-date"" datetime=""2019-12-01 11:03"" title=""Sun 01 Dec 11:03:50 AM"">Dec  1</time>"
42 UNIT SERVER RACK CABINET,$250,"<time class=""result-date"" datetime=""2019-12-01 10:59"" title=""Sun 01 Dec 10:59:21 AM"">Dec  1</time>"
42 UNIT SERVER RACK CABINET,$250,"<time class=""result-date"" datetime=""2019-12-01 10:57"" title=""Sun 01 Dec 10:57:19 AM"">Dec  1</time>"
42 UNIT SERVER RACK CABINET,$250,"<time class=""result-date"" datetime=""2019-12-01 10:58"" title=""Sun 01 Dec 10:58:21 AM"">Dec  1</time>"
42 UNIT SERVER RACK CABINET,$250,"<time class=""result-date"" datetime=""2019-12-01 10:54"" title=""Sun 01 Dec 10:54:31 AM"">Dec  1</time>"
42 UNIT SERVER RACK CABINET,$250,"<time class=""result-date"" datetime=""2019-12-01 10:54"" title=""Sun 01 Dec 10:54:42 AM"">Dec  1</time>"
42 UNIT SERVER RACK CABINET,$250,"<time class=""result-date"" datetime=""2019-12-01 10:54"" title=""Sun 01 Dec 10:54:21 AM"">Dec  1</time>"
42 UNIT SERVER RACK CABINET,$250,"<time class=""result-date"" datetime=""2019-12-01 10:53"" title=""Sun 01 Dec 10:53:06 AM"">Dec  1</time>"
42 UNIT SERVER RACK CABINET,$250,"<time class=""result-date"" datetime=""2019-12-01 10:50"" title=""Sun 01 Dec 10:50:29 AM"">Dec  1</time>"
42 UNIT SERVER RACK CABINET,$250,"<time class=""result-date"" datetime=""2019-12-01 10:51"" title=""Sun 01 Dec 10:51:24 AM"">Dec  1</time>"
42 UNIT SERVER RACK CABINET,$250,"<time class=""result-date"" datetime=""2019-12-01 10:47"" title=""Sun 01 Dec 10:47:10 AM"">Dec  1</time>"
42 UNIT SERVER RACK CABINET,$250,"<time class=""result-date"" datetime=""2019-12-01 10:44"" title=""Sun 01 Dec 10:44:04 AM"">Dec  1</time>"
****NComputing L300 Ethernet Virtual Desktop with vSpace/ 60% OFF!!!!!,$0,"<time class=""result-date"" datetime=""2019-12-01 10:24"" title=""Sun 01 Dec 10:24:17 AM"">Dec  1</time>"
MICROSOFT SMALL BUSINESS SERVER 2000-NEW SEALED,$30,"<time class=""result-date"" datetime=""2019-12-01 06:30"" title=""Sun 01 Dec 06:30:51 AM"">Dec  1</time>"
QNAP NAS TS-328 3-Bay NAS Server,$170,"<time class=""result-date"" datetime=""2019-11-30 18:39"" title=""Sat 30 Nov 06:39:46 PM"">Nov 30</time>"
QNAP NAS TS-328 3-Bay NAS Server,$170,"<time class=""result-date"" datetime=""2019-11-30 18:39"" title=""Sat 30 Nov 06:39:20 PM"">Nov 30</time>"
MICROSOFT WINDOWS SERVER 2003 ENTERPRISE EDITION-NEW SEALED,$40,"<time class=""result-date"" datetime=""2019-11-30 06:06"" title=""Sat 30 Nov 06:06:39 AM"">Nov 30</time>"
"network switches,routers",$0,"<time class=""result-date"" datetime=""2019-11-30 02:19"" title=""Sat 30 Nov 02:19:14 AM"">Nov 30</time>"
Lian Li Aluminum Server Case,$50,"<time class=""result-date"" datetime=""2019-11-29 18:44"" title=""Fri 29 Nov 06:44:42 PM"">Nov 29</time>"
Lenovo ThinkServer Rail kit for RS-Series,$20,"<time class=""result-date"" datetime=""2019-11-29 13:13"" title=""Fri 29 Nov 01:13:55 PM"">Nov 29</time>"
Server Rack Rails,$10,"<time class=""result-date"" datetime=""2019-11-29 08:47"" title=""Fri 29 Nov 08:47:42 AM"">Nov 29</time>"
1U Server Chassis - 15 Available,$10,"<time class=""result-date"" datetime=""2019-11-29 08:47"" title=""Fri 29 Nov 08:47:48 AM"">Nov 29</time>"
Antec full ATX case,$20,"<time class=""result-date"" datetime=""2019-11-28 11:57"" title=""Thu 28 Nov 11:57:02 AM"">Nov 28</time>"
HP Proliant ML110 G6 Server  4TB,$350,"<time class=""result-date"" datetime=""2019-11-28 09:17"" title=""Thu 28 Nov 09:17:06 AM"">Nov 28</time>"
Desktop Computer Xeon Powered,$350,"<time class=""result-date"" datetime=""2019-11-28 09:18"" title=""Thu 28 Nov 09:18:18 AM"">Nov 28</time>"
Computer Information Technology Books C# .NET SQL Javascript C++ ITIL,$40,"<time class=""result-date"" datetime=""2019-11-27 20:49"" title=""Wed 27 Nov 08:49:33 PM"">Nov 27</time>"
WE BUY IT EQUIPMENT. COMPUTER SERVERS/NETWORKING/TELECOM & MORE....,$50000,"<time class=""result-date"" datetime=""2019-11-27 06:21"" title=""Wed 27 Nov 06:21:44 AM"">Nov 27</time>"
APC Server Cabinet w/ parts - $750 OBO,$750,"<time class=""result-date"" datetime=""2019-11-26 22:31"" title=""Tue 26 Nov 10:31:14 PM"">Nov 26</time>"
"WTB: COMPUTER NETWORKING TRANSCEIVERS SFP/GLC/QSFP/ONS, CPAK & MORE!",$0,"<time class=""result-date"" datetime=""2019-11-26 19:40"" title=""Tue 26 Nov 07:40:00 PM"">Nov 26</time>"
"WANTED COMPUTER SERVERS, NETWORKING, HARD/SSD DRIVES, MEMORY & MORE!",$0,"<time class=""result-date"" datetime=""2019-11-26 18:14"" title=""Tue 26 Nov 06:14:49 PM"">Nov 26</time>"
Buy 1 Get 1 Free DL380 G6 Intel Xeon-E5504,$150,"<time class=""result-date"" datetime=""2019-11-26 16:56"" title=""Tue 26 Nov 04:56:57 PM"">Nov 26</time>"
6x 8GB DDR3 ECC Server Memory,$10,"<time class=""result-date"" datetime=""2019-11-26 11:42"" title=""Tue 26 Nov 11:42:25 AM"">Nov 26</time>"
Server Rack,$200,"<time class=""result-date"" datetime=""2019-11-26 10:11"" title=""Tue 26 Nov 10:11:07 AM"">Nov 26</time>"
WE BUY COMPUTER NETWORKING SYSTEMS/SERVERS/DATA CENTER/DATA COM & MORE,$50000,"<time class=""result-date"" datetime=""2019-11-25 07:50"" title=""Mon 25 Nov 07:50:40 AM"">Nov 25</time>"
WE BUY COMPUTER NETWORKING SYSTEMS/SERVERS/DATA CENTER/DATA COM & MORE,$50000,"<time class=""result-date"" datetime=""2019-11-24 02:40"" title=""Sun 24 Nov 02:40:14 AM"">Nov 24</time>"
Upgrade to Windows 10-Drop Off PC Repair-Refurb PCs/Laptops FOR SALE,$50,"<time class=""result-date"" datetime=""2019-12-02 16:27"" title=""Mon 02 Dec 04:27:37 PM"">Dec  2</time>"
Lexmark X4270 All-In-One Inkjet Printer,$20,"<time class=""result-date"" datetime=""2019-12-02 11:35"" title=""Mon 02 Dec 11:35:37 AM"">Dec  2</time>"
Lexmark X4270 All-In-One Inkjet Printer,$20,"<time class=""result-date"" datetime=""2019-12-01 14:18"" title=""Sun 01 Dec 02:18:01 PM"">Dec  1</time>"
Dell PowerEdge R415 / 2x 6 Core 2.6GHz / 64GB RAM / 2x PSU,$150,"<time class=""result-date"" datetime=""2019-12-01 13:24"" title=""Sun 01 Dec 01:24:49 PM"">Dec  1</time>"
***COLLEGE ESSENTIALS - 60% OFF !!!,$0,"<time class=""result-date"" datetime=""2019-12-01 10:24"" title=""Sun 01 Dec 10:24:43 AM"">Dec  1</time>"
"WANTED - WE BUY COMPUTER MEMORY, RAM, CPU, PROCESSORS & MORE!",$100000,"<time class=""result-date"" datetime=""2019-11-16 15:11"" title=""Sat 16 Nov 03:11:15 PM"">Nov 16</time>"
Lexmark X4270 All-In-One Inkjet Printer,$20,"<time class=""result-date"" datetime=""2019-11-30 11:04"" title=""Sat 30 Nov 11:04:50 AM"">Nov 30</time>"
"WANTED EMC, DELL, CISCO & OTHER COMPUTER STORAGE ARRAYS, DRIVES & MORE",$55000,"<time class=""result-date"" datetime=""2019-11-15 20:31"" title=""Fri 15 Nov 08:31:26 PM"">Nov 15</time>"
"WTB: HIGH DOLLAR VALUE COMPUTER NETWORKING, DATACOM, TELECOM & MORE!",$25000,"<time class=""result-date"" datetime=""2019-11-15 18:18"" title=""Fri 15 Nov 06:18:45 PM"">Nov 15</time>"
"WTB: COMPUTER NETWORKING, SERVERS, DATA STORAGE, MEMORY, TELECOM &MORE",$25000,"<time class=""result-date"" datetime=""2019-11-15 14:28"" title=""Fri 15 Nov 02:28:07 PM"">Nov 15</time>"
"WTB: HIGH DOLLAR VALUE COMPUTER NETWORKING, DATACOM, TELECOM & MORE!",$25000,"<time class=""result-date"" datetime=""2019-11-15 08:39"" title=""Fri 15 Nov 08:39:36 AM"">Nov 15</time>"
"WTB: CISCO ASR1001, ASR1002, ASR1004, ASR1006, ASR1009 NEXUS & MORE!",$25000,"<time class=""result-date"" datetime=""2019-11-26 02:04"" title=""Tue 26 Nov 02:04:35 AM"">Nov 26</time>"
"WTB: CISCO, HP, DELL, ARISTA, JUNIPER, INTEL, EMC & LOTS MORE",$0,"<time class=""result-date"" datetime=""2019-11-18 10:50"" title=""Mon 18 Nov 10:50:34 AM"">Nov 18</time>"
WTB: COMPUTER NETWORKING SERVERS SWITCHES ROUTERS DRIVES MEMORY & MORE,$0,"<time class=""result-date"" datetime=""2019-11-07 06:30"" title=""Thu 07 Nov 06:30:04 AM"">Nov  7</time>"
"Marantz - NA8005 Network Player DAC, NEW never taken out of the box",$700,"<time class=""result-date"" datetime=""2019-11-29 23:54"" title=""Fri 29 Nov 11:54:47 PM"">Nov 29</time>"
Computer or Printer Repair,$0,"<time class=""result-date"" datetime=""2019-11-28 09:23"" title=""Thu 28 Nov 09:23:54 AM"">Nov 28</time>"
Lexmark X8350 All-In-One Inkjet Printer and Ink cartridge,$65,"<time class=""result-date"" datetime=""2019-11-29 12:17"" title=""Fri 29 Nov 12:17:16 PM"">Nov 29</time>"
"WE BUY IT COMPUTER, NETWORKING, TELECOM, DATA COM, DATA CENTER & MORE!",$50000,"<time class=""result-date"" datetime=""2019-11-22 08:54"" title=""Fri 22 Nov 08:54:35 AM"">Nov 22</time>"
48U Server Racks,$125,"<time class=""result-date"" datetime=""2019-11-12 14:09"" title=""Tue 12 Nov 02:09:41 PM"">Nov 12</time>"
Wall-Mounted Server Rack,$200,"<time class=""result-date"" datetime=""2019-12-02 09:27"" title=""Mon 02 Dec 09:27:12 AM"">Dec  2</time>"
SAS 6TB HARD DRIVES,$200,"<time class=""result-date"" datetime=""2019-12-02 07:13"" title=""Mon 02 Dec 07:13:30 AM"">Dec  2</time>"
Tripp-lite SmartRack Standard - SR25UB,$250,"<time class=""result-date"" datetime=""2019-12-01 00:17"" title=""Sun 01 Dec 12:17:13 AM"">Dec  1</time>"
"CAT-6E hi-bandwidth, 600-MHz, 14-ft. & 10-ft. patch cables",$0,"<time class=""result-date"" datetime=""2019-11-26 09:24"" title=""Tue 26 Nov 09:24:12 AM"">Nov 26</time>"
"CAT-6E hi-bandwidth, 600-MHz, 14-ft. & 10-ft. patch cables",$0,"<time class=""result-date"" datetime=""2019-11-24 10:51"" title=""Sun 24 Nov 10:51:57 AM"">Nov 24</time>"
Dell 3.5 drive sleds (15 available),$4,"<time class=""result-date"" datetime=""2019-11-24 10:22"" title=""Sun 24 Nov 10:22:53 AM"">Nov 24</time>"
"WE BUY IT COMPUTER, NETWORKING, TELECOM, DATA COM, DATA CENTER & MORE!",$50000,"<time class=""result-date"" datetime=""2019-11-20 22:19"" title=""Wed 20 Nov 10:19:34 PM"">Nov 20</time>"
"WANTED - WE BUY COMPUTER MEMORY, RAM, CPU, PROCESSORS & MORE!",$100000,"<time class=""result-date"" datetime=""2019-11-16 19:04"" title=""Sat 16 Nov 07:04:56 PM"">Nov 16</time>"
"WTB: COMPUTER NETWORKING, SERVERS, DATA STORAGE, MEMORY, TELECOM &MORE",$25000,"<time class=""result-date"" datetime=""2019-11-15 11:24"" title=""Fri 15 Nov 11:24:30 AM"">Nov 15</time>"
"CAT-6E hi-bandwidth, 600-MHz, 14-ft. patch cables",$0,"<time class=""result-date"" datetime=""2019-11-15 10:27"" title=""Fri 15 Nov 10:27:10 AM"">Nov 15</time>"
"WTB: CISCO ASR1001, ASR1002, ASR1004, ASR1006, ASR1009 NEXUS & MORE!",$25000,"<time class=""result-date"" datetime=""2019-11-26 08:44"" title=""Tue 26 Nov 08:44:58 AM"">Nov 26</time>"
DELL Sldiing Server Rack READY RAIL KIT,$60,"<time class=""result-date"" datetime=""2019-11-12 14:37"" title=""Tue 12 Nov 02:37:22 PM"">Nov 12</time>"
Intel Compute Stick,$170,"<time class=""result-date"" datetime=""2019-11-23 18:12"" title=""Sat 23 Nov 06:12:37 PM"">Nov 23</time>"
"WTB: CISCO, HP, DELL, ARISTA, JUNIPER, INTEL, EMC & LOTS MORE",$0,"<time class=""result-date"" datetime=""2019-11-18 17:00"" title=""Mon 18 Nov 05:00:48 PM"">Nov 18</time>"
WTB: COMPUTER NETWORKING SERVERS SWITCHES ROUTERS DRIVES MEMORY & MORE,$0,"<time class=""result-date"" datetime=""2019-11-07 10:31"" title=""Thu 07 Nov 10:31:29 AM"">Nov  7</time>"
"Gently used high performance server: Tesla K40, 2x Intel Xeon E5-2680",$800,"<time class=""result-date"" datetime=""2019-11-03 11:31"" title=""Sun 03 Nov 11:31:33 AM"">Nov  3</time>"
IT Computer & Misc. Equipment,$2,"<time class=""result-date"" datetime=""2019-11-01 12:11"" title=""Fri 01 Nov 12:11:31 PM"">Nov  1</time>"
(obo) intel server board se7520jr2 and other parts,$50,"<time class=""result-date"" datetime=""2019-10-27 15:40"" title=""Sun 27 Oct 03:40:25 PM"">Oct 27</time>"
(OBO)Lot of 10+ different types of ram (dram and sdram),$20,"<time class=""result-date"" datetime=""2019-10-27 15:22"" title=""Sun 27 Oct 03:22:18 PM"">Oct 27</time>"
